{
  "sport": "nfl",
  "model": "xgb",
  "best_params": {
    "clf__subsample": 0.7,
    "clf__reg_lambda": 0.0,
    "clf__n_estimators": 200,
    "clf__max_depth": 7,
    "clf__learning_rate": 0.01
  },
  "f1": 0.7411545623836127,
  "average_precision": 0.778460063628647,
  "roc_auc": 0.7805532783591327
}