{
  "lr": {
    "f1": 0.7457627118644068,
    "average_precision": 0.78966922010967,
    "roc_auc": 0.7273165942860946
  },
  "rf": {
    "f1": 0.743202416918429,
    "average_precision": 0.8073007349742671,
    "roc_auc": 0.7383317526081965
  },
  "xgb": {
    "f1": 0.7488855869242199,
    "average_precision": 0.7972047529943882,
    "roc_auc": 0.7218256543370106
  }
}