{
  "lr": {
    "f1": 0.7574626865671642,
    "average_precision": 0.8336290541710037,
    "roc_auc": 0.813666393403096
  },
  "rf": {
    "f1": 0.7476635514018691,
    "average_precision": 0.7837908891212386,
    "roc_auc": 0.7832859140666442
  },
  "xgb": {
    "f1": 0.7411545623836127,
    "average_precision": 0.778460063628647,
    "roc_auc": 0.7805532783591327
  }
}